stage,gen,best_fit,mean_fit,std_fit,mean_food,mean_toxin_s,mean_alive_frac,diversity
1,0,29.652,29.606699999999996,0.015495483212858981,1.0,0.4625,0.980335,0.06309209824277447
1,1,32.0,28.4087,1.4296595783612267,0.86,0.21800000000000003,0.9904350000000001,0.12172682574952583
1,2,31.928,27.625300000000003,1.9465285279183555,0.8349999999999997,0.48340000000000005,0.9637649999999999,0.1550483933346682
1,3,32.16,25.677999999999997,2.418789449290698,0.6599999999999999,0.53195,0.9539,0.17523505335450215
1,4,32.0,28.624000000000002,1.612939428496929,0.8950000000000001,0.8182,0.9837000000000001,0.19322105145146007
1,5,37.0,30.824999999999996,3.053212439382494,1.0949999999999998,0.24739999999999998,0.9937500000000001,0.20319229548223716
1,6,33.0,29.549400000000002,2.837774980508497,0.9549999999999998,0.1325,0.99997,0.20773639110697484
1,7,35.962,29.3034,2.084862019415194,1.0100000000000002,0.5725,0.9601700000000001,0.20931826644736987
1,8,33.0,27.3105,2.1866237787968923,0.7599999999999999,0.41204999999999997,0.985525,0.1979604634365051
1,9,41.0,31.9827,3.2753506850412215,1.205,0.6559,0.9966349999999998,0.1974799192207634
1,10,40.0,33.15,3.66435533211505,1.3150000000000004,0.6354,1.0,0.19172337734085432
1,11,35.0,31.3637,2.440712213678622,1.1400000000000001,0.21605,0.998185,0.19755821152971953
1,12,40.0,35.3,2.8478061731796287,1.53,0.37339999999999995,1.0,0.20417753497242208
1,13,38.974000000000004,34.6468,2.5833430589064243,1.4700000000000002,0.5633999999999999,0.99734,0.20878500395622265
1,14,47.0,35.3446,5.26276498050217,1.5450000000000002,0.55795,0.99473,0.22096203716110188
1,15,45.0,32.791700000000006,3.830742605553132,1.28,0.6548499999999999,0.9995850000000001,0.21631617363514052
1,16,35.0,31.904499999999995,2.138223737123877,1.1999999999999997,0.6163000000000001,0.9952249999999999,0.228613306143647
1,17,39.22,35.9683,1.843055319299993,1.61,0.5818500000000001,0.993415,0.21638249407142923
1,18,34.0,30.7143,2.067545140982416,1.09,0.9778499999999999,0.9907150000000001,0.21972291834286192
1,19,37.0,33.0,2.6645825188948455,1.3000000000000003,0.42855,1.0,0.21178311640128106
1,20,38.0,32.4335,3.545028681125161,1.2600000000000002,0.42780000000000007,0.9916750000000001,0.21483747750404422
1,21,40.0,33.3486,3.3200778966765223,1.3350000000000002,0.34540000000000004,0.99993,0.21097386115401565
1,22,32.0,29.0,1.760681686165901,0.9,0.25084999999999996,1.0,0.19553939042623733
1,23,41.0,34.823899999999995,3.6359698829885816,1.4849999999999999,0.6436499999999999,0.998695,0.19722089487352343
1,24,36.9,32.9543,2.8770037382666005,1.34,0.4328499999999999,0.9777149999999999,0.21409499344880578
1,25,45.0,40.5059,2.2965106988646924,2.0549999999999997,0.41605,0.997795,0.22846546424775618
1,26,40.0,35.8221,2.5923257106312856,1.585,0.6561999999999999,0.9986049999999999,0.2009243708685574
1,27,33.0,29.5,1.7748239349298849,0.95,0.20375000000000001,1.0,0.20443733608028022
1,28,44.0,36.3743,4.106841670919394,1.64,0.33564999999999995,0.998715,0.21522830074088461
1,75,48.0,37.55,3.6397115270306792,1.7550000000000001,0.7124499999999999,1.0,0.1643870164281338
1,76,40.0,32.55,3.427462618322773,1.2549999999999997,0.57205,1.0,0.17081420510779224
1,77,39.0,34.004599999999996,4.516576849783473,1.41,0.58415,0.99523,0.1767105478893675
1,78,44.0,37.199299999999994,3.575503951892656,1.7250000000000003,0.7884,0.997465,0.1661455827317056
1,79,42.0,35.010099999999994,3.780421747636102,1.51,0.6589,0.995505,0.17743703911873634
